{
  "E": 0.112,
  "A": 0.085,
  "R": 0.076,
  "I": 0.075,
  "O": 0.072,
  "T": 0.069,
  "N": 0.065,
  "S": 0.057,
  "L": 0.055,
  "C": 0.045,
  "U": 0.036,
  "D": 0.034,
  "P": 0.031,
  "M": 0.0301,
  "H": 0.03,
  "G": 0.025,
  "B": 0.021,
  "F": 0.018,
  "Y": 0.0177,
  "W": 0.013,
  "K": 0.011,
  "V": 0.01,
  "X": 0.003,
  "Z": 0.0027,
  "J": 0.001965,
  "Q": 0.001962
}